ts_day,yield_rate,ma7_yield_rate,ma30_yield_rate
2024-01-01,7.045435398648604e-05,7.045435398648604e-05,7.045435398648604e-05
2024-01-02,0.01288713790719638,0.006478796130591433,0.006478796130591433
2024-01-03,-0.0007142376089017995,0.004081118217427022,0.004081118217427022
2024-01-04,-0.12009233094077704,-0.026962244072123994,-0.026962244072123994
2024-01-05,1.8982529932109853e-06,-0.021569415607100552,-0.021569415607100552
2024-01-06,0.0010870565268392242,-0.01779333691811059,-0.01779333691811059
2024-01-07,0.14666480863078926,0.005700683874589389,0.005700683874589389
2024-01-08,0.0014450678758641934,0.00516873187474874,0.00516873187474874
2024-01-09,0.0013587647287548767,0.005329770671594789,0.004745402191860533
2024-01-10,0.0007060148716154857,0.003807130292147177,0.004341463459836028
2024-01-11,0.001173998819276509,0.004043159845669465,0.004053512128876072
2024-01-12,0.0017132864294658117,0.01926886201694982,0.0038584933205918835
2024-01-13,0.06412148899367975,0.02728381085953564,0.008494108372367875
2024-01-14,0.010060787625766714,0.028405527246901575,0.008606014033324933
2024-01-15,0.20356519417535107,0.035518075439971805,0.021603292709460008
2024-01-16,0.0025119179896784527,0.035651431704198586,0.020410081789473664
2024-01-17,0.002212672657758996,0.035758170195324096,0.01933964595819633
2024-01-18,6.514359149888058e-05,0.03567806128530952,0.018268840271157584
2024-01-19,0.01335385135732083,0.03720054285256506,0.018010156644113543
2024-01-20,0.0034356001641844642,0.037415832069404895,0.01728142882011709
2024-01-21,0.0034622209710292447,0.02983342356657358,0.016623371303493856
2024-01-22,0.0022794596478002984,0.02886075756932778,0.01597137531914415
2024-01-23,0.16641071946451372,0.02421644823047311,0.022512216368942826
2024-01-24,0.005363171634856652,0.024572854936120384,0.021797672838355903
2024-01-25,0.0037009303744158823,0.024758887150702496,0.0210738031397983
2024-01-26,0.002708084524805663,0.025089254767365846,0.02036742934691397
2024-01-27,0.003149870837080952,0.02381375720233586,0.01972974199469793
2024-01-28,0.002483001416833954,0.023694682358917047,0.019113786974059934
2024-01-29,0.0026873402853859365,0.023597822273211635,0.018547357777898763
2024-01-30,0.004360004804899864,0.02385789041784908,0.018074446012132133
2024-01-31,0.21097691235405533,0.029428664529041783,0.0242971062167103
2024-02-01,0.0071258643817986595,0.029649001122409535,0.02452470008857521
2024-02-02,0.0028586422371247753,0.02954371510524815,0.024201200228250317
2024-02-03,0.004182740926579134,0.029728047155469832,0.024359167277781958
2024-02-04,0.0038233750057865773,0.029812235176558035,0.02835644811476788
2024-02-05,0.003599922682200972,0.029951850334728913,0.02847251341893587
2024-02-06,0.003614084411699519,0.03006769335051811,0.02855403044747975
2024-02-07,0.012144458614750796,0.031040750076749477,0.02421466431793012
2024-02-08,0.19350353090236067,0.028856577395287644,0.03041009860910743
2024-02-09,0.006695348187303422,0.02880276287097574,0.030582246462608997
2024-02-10,-0.0006738813768211747,0.028361197419232494,0.03053773368040136
2024-02-11,0.010414131114977557,0.029140121192782295,0.030835802464133654
2024-02-12,0.008359254212139651,0.02970710609357643,0.031050188521639262
2024-02-13,0.0020369560383287715,0.029511735263092403,0.029047461652111813
2024-02-14,0.009312767828367785,0.030224070690175936,0.029023331981227977
2024-02-15,0.01836569184493164,0.03100172484394854,0.023049154486698316
2024-02-16,0.20315357613897092,0.03220798049852482,0.029521466039901297
2024-02-17,0.006086503204775147,0.03213187487570879,0.029646428315611494
2024-02-18,0.0053126406193993074,0.032880190125236346,0.0298157024132857
2024-02-19,0.005049982973067732,0.03220967160749762,0.02954783569121302
2024-02-20,-0.03187176738667446,0.027180793907645853,0.028408888350862735
2024-02-21,0.005867821692788104,0.02765965211445327,0.028486488374145278
2024-02-22,0.0068023735919169985,0.02734585283489692,0.028632388823955496
2024-02-23,0.010432045205005389,0.02635414700490614,0.023600818686552002
2024-02-24,0.11653514408163915,0.015526842997739668,0.027187011346125632
2024-02-25,0.0701803699479735,0.02353857634063946,0.029331509396885554
2024-02-26,-0.0008148363470145809,0.022772641719837724,0.029217866788117157
2024-02-27,0.005896662501622248,0.02287847666090704,0.029306472970844297
2024-02-28,0.00420890674929285,0.027388560927902955,0.029362147336407487
2024-02-29,0.004696743077050419,0.027242176100935746,0.029426966781299885
2024-03-01,0.005464475023560725,0.027074938779891214,0.029462594852869593
2024-03-02,0.0026300836689120855,0.02609969358787955,0.022741729411413357
2024-03-03,0.04662431798164369,0.017360840325380118,0.024015873075924486
2024-03-04,0.15435913854195474,0.027883186399627773,0.02890298585995126
2024-03-05,0.028122660772587436,0.031500373539578026,0.029675241338854755
2024-03-06,0.011406694900136353,0.03218912758939229,0.029919864561253135
2024-03-07,0.0036250213874235017,0.03211614191915862,0.029920674196905472
2024-03-08,0.0035880658004034415,0.031977557259577745,0.029919834886863665
2024-03-09,0.007457808863770952,0.03222672398960402,0.029768652636832055
2024-03-10,0.00556772993425034,0.032593929772771306,0.023706207444312368
2024-03-11,0.04599213226240262,0.03251490655786617,0.024973845640283307
2024-03-12,0.09351979092436369,0.024909988105667292,0.02801235119838605
2024-03-13,0.12365337858752849,0.036851327832534926,0.031665230149113495
2024-03-14,0.007129035806748374,0.03631662044586143,0.03162554568442345
2024-03-15,0.0026239121952612316,0.03619148179684115,0.03164447975400192
2024-03-16,0.00788175363327716,0.036728192775950366,0.031598318005773195
2024-03-17,0.00873652208590516,0.03688803192871714,0.031287699626449755
2024-03-18,0.0034057909843274734,0.03661778955997678,0.02484422268597739
2024-03-19,0.007293351895729125,0.03178044201414259,0.02488315328891139
2024-03-20,0.029412102539065635,0.02376698096598033,0.02566055528631998
2024-03-21,0.09357727161888113,0.02000746759489941,0.028516274274894608
2024-03-22,0.05695257934610293,0.02623541053731873,0.03138157578240356
2024-03-23,0.002841321876799642,0.02626258674751103,0.03128394675608135
2024-03-24,0.0030847205331020516,0.02566295760998914,0.03116402246386151
2024-03-25,0.0055858482181042985,0.02526912337651403,0.031007693528800184
2024-03-26,0.006462263137900721,0.025651182395710685,0.02745695543384088
2024-03-27,0.0018732357724626238,0.02497366788030237,0.025253499492695373
2024-03-28,0.007777631679855888,0.022269359022901156,0.025530675880658937
2024-03-29,0.03473680250257543,0.014914300383362944,0.026461002977463878
2024-03-30,0.0892334546364404,0.018949409794655127,0.029203730328662185
2024-03-31,0.019096283281577364,0.020981279970252342,0.029668231625582412
2024-04-01,0.003921166960992595,0.02108583577373866,0.029618447494531824
2024-04-02,0.0048590666913285695,0.020994988082891696,0.029690350172674292
2024-04-03,0.015047090593229945,0.02206809151480785,0.028671729934338367
2024-04-04,0.0029067918088004525,0.02219728601935008,0.023786170362301132
2024-04-05,0.0034578367432225353,0.02165731165227091,0.02299053087748291
2024-04-06,0.004572567685495495,0.017886782300135916,0.022770075160881594
2024-04-07,0.0416738613101832,0.011941833134353767,0.023997457093873843
2024-04-08,0.1107224304150422,0.023395101526036872,0.027453404339507353
2024-04-09,0.0032521859625087315,0.02331147890122639,0.02731773908462793
2024-04-10,0.00369632445843538,0.02316613612211474,0.02725737116605325
2024-04-11,0.002469233657797009,0.02159390400518562,0.025853406694936944
2024-04-12,0.0026649644372867226,0.021563675583746403,0.022922605840515104
2024-04-13,-0.1251200821380709,0.005491435723584723,0.014897655494528029
2024-04-14,0.03149490336390927,0.008856727683386445,0.01568365122217838
2024-04-15,0.08964832730913054,0.014853535933254863,0.01849089041939997
2024-04-16,0.009997948100913288,0.0022629756439887486,0.018559154757065648
2024-04-17,0.0038050580321085897,0.0023320846526887306,0.01840007527145931
2024-04-18,0.003777626662911045,0.0023422474282481886,0.01841206997076846
2024-04-19,0.006171219933309075,0.002804995712687197,0.0183758721655291
2024-04-20,0.0033422356438169783,0.0028896546135034787,0.01753490871729527
2024-04-21,0.004110420946427941,0.019043467499065835,0.014648881276248395
2024-04-22,0.005632559495953828,0.015810674515571405,0.012993396764953261
2024-04-23,0.00883156447858138,0.005708579161752761,0.0131866303972688
2024-04-24,0.009849227204231252,0.0056899890496675066,0.013404840289885872
2024-04-25,0.004436305221560644,0.005768894948349014,0.0133677582577393
2024-04-26,0.00532502703617426,0.005962319995006916,0.013331073222199738
2024-04-27,0.0020879682121855286,0.005451913529866473,0.013338000075094026
2024-04-28,0.004348864875212188,0.005577742183790874,0.013227394694299068
2024-04-29,0.010275600665245598,0.006348389648643081,0.012438323667288427
2024-04-30,0.005002590494586441,0.006269643523472158,0.009721199017551203
2024-05-01,0.017093908224108282,0.00730243649166302,0.009656606273761878
2024-05-02,0.03252582719309549,0.01013701149027105,0.010579337248991004
2024-05-03,0.04909691329835928,0.01571958749987088,0.01200636455889522
2024-05-04,0.04105130778356596,0.020185372593294844,0.012845210274712512
2024-05-05,0.005095879778653405,0.020561361539103328,0.012915826015675511
2024-05-06,0.006305545794214635,0.020805946653978634,0.013007687597965579
2024-05-07,0.03642808274717313,0.024075006914219575,0.014035284858019696
2024-05-08,0.0670451354907206,0.03183032503873635,0.01485371305739187
2024-05-09,0.04121412711178187,0.034845352399695544,0.012611509725028633
2024-05-10,0.011621221595713105,0.032232276700022745,0.012881478616422321
2024-05-11,0.04997380249547608,0.03234188784966235,0.014374300488584924
2024-05-12,0.02239163949516277,0.030009429313611946,0.015016958741403175
2024-05-13,0.004544821229262489,0.029940546994938082,0.015077599283079814
2024-05-14,0.00872469708782894,0.03024294090663987,0.019395172806495938
2024-05-15,0.050102826207966765,0.03195228383923907,0.019995428382110696
2024-05-16,0.050101940323766386,0.029834384443369794,0.018719738479357016
2024-05-17,0.03877106901260688,0.02952900218097292,0.019647903670056806
2024-05-18,-0.00036712615943666424,0.0280304587115792,0.019513317083232767
2024-05-19,0.010282234777457742,0.023069012746826906,0.01972314315144395
2024-05-20,0.014443744156783215,0.02207552582952946,0.01998999877155602
2024-05-21,0.07619414475761507,0.031031691270573532,0.022340060355872087
2024-05-22,0.05568128597822781,0.03690126488187339,0.02400363664722047
2024-05-23,0.05332695606593702,0.037304281114119674,0.02554216556883283
2024-05-24,0.04841694837282425,0.03709365712025191,0.026819113436389055
2024-05-25,0.007938214848185812,0.033239550349699276,0.026757467876516623
2024-05-26,0.003669386406669548,0.03374411442046255,0.026732728559907232
2024-05-27,0.008167306289417866,0.033479748359457565,0.02682441498743122
2024-05-28,0.028133454215865855,0.03519096211684289,0.02766459195529188
2024-05-29,0.012143027015613794,0.027184572399092728,0.027916016540466125
2024-05-30,0.09131495890406514,0.0316387815148224,0.03053018938687966
2024-05-31,0.023202742758287,0.027873254851366144,0.031117291072805486
2024-06-01,0.0785394066677795,0.03163856213823555,0.033099403925827144
2024-06-02,0.007173973609069773,0.03154303198334605,0.03228160219731018
2024-06-03,0.007469416724721374,0.03201803577310253,0.030938779727192826
2024-06-04,0.009052854977881834,0.03212872935916052,0.029906571572170762
2024-06-05,0.008927461590880193,0.029727980281037316,0.0300301709854684
2024-06-06,0.01174082201331999,0.029677704655750592,0.03020550247640728
2024-06-07,0.00685645390044167,0.019120391530297657,0.029251578965222392
2024-06-08,0.0062502560124826105,0.017001330687072106,0.027290453820763106
2024-06-09,0.005127347499266267,0.007824823291007952,0.026126364155843247
2024-06-10,0.007203530785683,0.007828517938084605,0.02598385800068099
2024-06-11,0.2020420781432616,0.03215010061540213,0.030889286247383744
2024-06-12,0.01124334477743739,0.03242391184034658,0.030529663837134537
2024-06-13,0.015170271038631458,0.03320426302131548,0.030872420282598054
2024-06-14,0.005631839033483543,0.03244064014883592,0.03077265066794175
2024-06-15,0.0038617883845574424,0.032066306959350394,0.029281004286541446
2024-06-16,0.004046056324750886,0.03179078199838393,0.02779533060915385
2024-06-17,0.0043147942883219655,0.03168921284701589,0.0266838378761124
2024-06-18,0.004079142899824484,0.031298664361283576,0.026827265910282113
2024-06-19,0.007550199566497478,0.00698717953918806,0.026739135742186625
2024-06-20,0.05865199022028412,0.012913260219543901,0.028165208195847943
2024-06-21,0.1069240544115222,0.024382483141155244,0.029156495604038497
2024-06-22,0.008200767341298132,0.024703599179632066,0.02762486597058915
2024-06-23,0.020671521897949654,0.026804815868806092,0.026571464868396007
2024-06-24,0.02548175626658273,0.029484278361535072,0.025831619961743057
2024-06-25,0.04226728330155544,0.034228339488189256,0.026939009266690465
2024-06-26,0.09348162555440488,0.045403649820011806,0.02983617827145612
2024-06-27,0.07873813760453711,0.05430214207476676,0.03211265670097609
2024-06-28,0.008488612545764551,0.048031719865451815,0.03147895213097283
2024-06-29,0.006147595586563004,0.03543466251233192,0.03128555111713248
2024-06-30,0.003997604570795948,0.034909267166019144,0.02846886226767218
2024-07-01,0.0023359064361268894,0.032617315233291304,0.027795738515344434
2024-07-02,0.02530120265872679,0.032594746032309316,0.026078377095697575
2024-07-03,0.057467620243216846,0.03449478815001699,0.027700752793573286
2024-07-04,0.0847341411771749,0.03340135260286324,0.030193163259781466
2024-07-05,0.0614128476815792,0.0312356913624935,0.03188219528248138
2024-07-06,0.00039645821757199393,0.03022417207146943,0.03160700162527789
2024-07-07,0.0023828630466579,0.029753580503981296,0.031305131981192016
2024-07-08,0.00221497527262449,0.029530751841709862,0.031155406864165652
2024-07-09,0.005261758218522499,0.029896483314509316,0.031123519838554034
2024-07-10,0.002372612771431214,0.02703040957859737,0.03103465742797871
2024-07-11,0.026035492551197654,0.023101393617094974,0.031642140065575954
2024-07-12,0.0033100221910277623,0.012923378743826581,0.02523142858324583
2024-07-13,0.009002989313416369,0.0063721464478062265,0.02515915905214838
2024-07-14,0.11630446281300261,0.020860647022235054,0.02842155233519261
2024-07-15,0.014771941171262066,0.022409281787810573,0.028716394339637078
2024-07-16,0.007274447365554345,0.023041715799426807,0.028826480113217624
2024-07-17,0.0032629709715075515,0.022791867393549936,0.028801219295371064
2024-07-18,0.003959351419226938,0.0229902097245244,0.028789753396368002
2024-07-19,0.004751273345801645,0.020329682323849897,0.028811435023657586
2024-07-20,-0.0008065054501085007,0.019815116368707864,0.02854186389408965
2024-07-21,0.00257931822295543,0.019012157482400246,0.02673306802320808
2024-07-22,0.14763621763860524,0.022928626835600575,0.0280463636111785
2024-07-23,0.03822039102772251,0.02585968306765813,0.02901473856880509
2024-07-24,0.005584233990830588,0.02564840639581766,0.028528051862123833
2024-07-25,0.007331029431761785,0.026156913703349438,0.027942544544871543
2024-07-26,0.0028827464423383784,0.02602233808123837,0.026672075613929053
2024-07-27,0.009381374618865219,0.026601100740371315,0.023959164293427777
2024-07-28,0.004614675360502976,0.02727874834169775,0.02156808486620087
2024-07-29,0.019090332728681696,0.02934262515491353,0.02191007583984336
2024-07-30,0.039211073911274284,0.015789482188997162,0.02297663965676953
2024-07-31,0.01967631157682222,0.013471472257634625,0.023482404398899412
2024-08-01,0.06270359923079698,0.020611392912630422,0.025429749327759738
2024-08-02,0.004028406730523057,0.020198565074975583,0.024743530104269294
2024-08-03,0.00869094316271839,0.020924589665023086,0.023170088908124182
2024-08-04,0.005809658714000676,0.02047812517691502,0.02062413786092501
2024-08-05,0.01931100736759345,0.02231516667780133,0.0192660139798287
2024-08-06,0.010437125021759698,0.02123351571443608,0.019589906457383142
2024-08-07,0.010069468837819057,0.017590815080254178,0.019837861482904468
2024-08-08,0.034113953965287956,0.019395520378812394,0.02086686079557103
2024-08-09,0.055627819448232814,0.018511047905991874,0.022491572448142334
2024-08-10,0.1169024680253444,0.03262030556784454,0.026186083907945985
2024-08-11,0.008575887086738074,0.032605923558346996,0.02562287082844729
2024-08-12,0.00908856969503699,0.03301578743097653,0.025809275586641138
2024-08-13,0.011425691028959024,0.032030122888647226,0.02588742725488445
2024-08-14,0.00777146622493564,0.03169691553904422,0.022386362848817773
2024-08-15,0.011872376579995464,0.03192227900681627,0.022292828507164013
2024-08-16,0.02027927012927938,0.030192943527315195,0.02271233891889708
2024-08-17,0.026934289426278953,0.026606252274570964,0.02347592983679293
2024-08-18,0.0894062867120902,0.023169229610414187,0.02623228258817561
2024-08-19,0.12028706744930664,0.03713312715573526,0.02995924368828868
2024-08-20,0.0036210908623976407,0.036449692301655345,0.030102069375788874
2024-08-21,0.0033772665717263462,0.03544363924450126,0.030127809645104066
2024-08-22,0.006654761842526254,0.03530405119670009,0.025580020748456354
2024-08-23,0.006532702559485884,0.034636591944136395,0.024557837249480984
2024-08-24,0.004786372992993614,0.032699979802100675,0.02453209979793785
2024-08-25,0.007903512748353015,0.030321132717359933,0.02455056700169886
2024-08-26,0.02782718285679475,0.022623744735448002,0.02535522624087487
2024-08-27,0.06785502774880126,0.01606973977288483,0.027241473116034098
2024-08-28,0.09290247430575348,0.027229912703304306,0.030089466630397018
2024-08-29,0.024000965623747397,0.029807875084806937,0.030247874143141076
2024-08-30,0.003924781722178465,0.029466627569763464,0.02910960665317024
2024-08-31,0.017959870788112675,0.030895023598341814,0.02905423759546993
2024-09-01,0.00265391087047356,0.030628465833026808,0.027117150874169178
2024-09-02,0.0025173167597505575,0.0299551913344515,0.027068406036402322
2024-09-03,0.007687741978087422,0.027437761224613083,0.027036044707865838
2024-09-04,0.01556835401238517,0.020901927007561074,0.027350841330394372
2024-09-05,0.03098991026718416,0.01316285650273991,0.027727580133606974
2024-09-06,0.11697913986197833,0.024785128282518776,0.03116441932200112
2024-09-07,0.007615302417188357,0.02524644336939501,0.0310852526632711
2024-09-08,0.0017214845223267666,0.023216645086171772,0.03004033429414332
2024-09-09,-0.0131527070825753,0.021240817842040665,0.027821607631859185
2024-09-10,-0.022467491468408384,0.0181177168135208,0.023325802486899416
2024-09-11,0.01860599650881718,0.019482498629862018,0.02364935440374068
2024-09-12,0.2130384374615547,0.04416625906100821,0.03022838239620899
2024-09-13,0.013698302328190195,0.042004808068633964,0.030301692438119674
2024-09-14,0.0019667797655142615,0.027628263056575956,0.03011444448781576
2024-09-15,0.008819171353489712,0.027778746673613627,0.030015953996638155
2024-09-16,0.05398971182034584,0.03431227508586601,0.031103387599575785
2024-09-17,0.16269816425121544,0.056293634002589854,0.03548286743263825
2024-09-18,0.006750754282676434,0.05994591472147545,0.03281655993491523
2024-09-19,0.006928911225691023,0.05848627906108468,0.029159845218024404
2024-09-20,0.013868386525830721,0.03359002269411918,0.029490403142651278
2024-09-21,0.008656141419387517,0.03295975258051885,0.029660689428059703
2024-09-22,0.002297244747144978,0.033001060703222694,0.029520124360466762
2024-09-23,0.017111075964487382,0.0340375487795974,0.029861362212241
2024-09-24,0.008305136451841763,0.028326976858534393,0.029974870710913523
2024-09-25,0.01159000389010801,0.009438456813395963,0.030093789780002395
2024-09-26,0.002493700916171841,0.008906325142582888,0.02927658068514359
2024-09-27,0.00573544345590236,0.008757141671359306,0.027272723127308142
2024-09-28,-0.0007569915559488941,0.006928969411136854,0.024251450034995164
2024-09-29,0.005253836742536035,0.006503681326530419,0.023646703942052857
2024-09-30,0.008012176035825625,0.007218047737615499,0.02377855537152535
2024-10-01,0.007667191693534029,0.00603756220374633,0.023446533465248616
2024-10-02,0.005303332454521188,0.005662336704081258,0.02353199867763725
2024-10-03,0.012429540109125751,0.005767278731458476,0.023851747817939677
2024-10-04,0.2355816993432171,0.034903278534839134,0.03120316579745999
2024-10-05,0.11448414853422444,0.04849686666962939,0.034393997878809646
2024-10-06,0.006341402245817944,0.04938416589485024,0.033598884716830084
2024-10-07,0.006262608815472718,0.049510262403967324,0.0300273837153299
2024-10-08,0.007446707984435444,0.04943957889754355,0.0300219451852411
2024-10-09,0.013210902528023722,0.05013254275185476,0.030392571572521645
2024-10-10,0.018019686662655517,0.05172208702787155,0.03139813266107748
2024-10-11,0.13017686489753233,0.06644050262642237,0.036322144156752986
2024-10-12,0.007794519253035453,0.03796710511514966,0.03597338682592132
2024-10-13,0.02617034191302557,0.026927879287499804,0.029945383743710703
2024-10-14,0.10628026059675243,0.03942023658136661,0.03293189852656755
2024-10-15,0.04654993924819121,0.04445615288545643,0.03437006496149261
2024-10-16,0.7611328653669531,0.13866692255827115,0.05863824863934626
2024-10-17,0.0014054470189796891,0.13719124061964064,0.05694198203285058
2024-10-18,0.07099044380539217,0.14381258526248272,0.05398366847008208
2024-10-19,0.06808938352113807,0.13605165009043343,0.0559623339293873
2024-10-20,0.06889597059520286,0.14368933150820434,0.05796127132840381
2024-10-21,0.01658145412374826,0.1424907205345447,0.058048789638014055
2024-10-22,0.10750174881856697,0.14264340656227154,0.06123735761863275
2024-10-23,0.08934832004588109,0.14799320416198278,0.06404545682181778
2024-10-24,0.055449285131880584,0.05978275663259871,0.0652821732465724
2024-10-25,0.003524752737514064,0.060047669847415504,0.06512796732030376
2024-10-26,0.013106339204543276,0.052812156772309396,0.06517688136270489
2024-10-27,-0.0015051770264099716,0.04411283670386589,0.06504788530004098
2024-10-28,0.004072390876386241,0.03600988923901381,0.06499423844263723
2024-10-29,0.016526801392986387,0.036003057647668577,0.0655517801506674
2024-10-30,0.07284542291527293,0.03167101690975682,0.06773215389817505
2024-10-31,0.008643525631542208,0.021582917607964464,0.0677525200141659
2024-11-01,0.04284604082610101,0.020007512069742016,0.06888732159908742
2024-11-02,0.07790822418759287,0.029305446001001864,0.0712294148807994
2024-11-03,-0.0008165266360837176,0.02756508777092349,0.07080212240514748
2024-11-04,0.03183390509203085,0.0317324730357286,0.06422961291317374
2024-11-05,0.09657078350331726,0.04329477211409497,0.06365176242830575
2024-11-06,0.013758031744021766,0.042948675907974396,0.06389100854115104
2024-11-07,-0.005800248707537032,0.033117966955123146,0.06350188410492492
2024-11-08,0.026944388906150616,0.0354055748644492,0.06413084155401251
2024-11-09,0.01817262418055515,0.03232139778375597,0.06429089709119094
2024-11-10,0.016408140704747897,0.02463388734840035,0.06423891173771006
2024-11-11,0.06056477733550245,0.032306550344848625,0.06199336052603167
2024-11-12,-0.028476035830469402,0.024767807729536094,0.06082334262011215
2024-11-13,0.05481712983712038,0.019548601021261484,0.06174743255314747
2024-11-14,-0.0005668574793865534,0.017757989868335444,0.05830075132488493
2024-11-15,0.013967708492310748,0.020228984518316416,0.05724971162308233
2024-11-16,0.024295250793080855,0.019897842254182695,0.033480756314247746
2024-11-17,0.049416230891318955,0.02380329309302817,0.03502949127787159
2024-11-18,0.0304381303231278,0.025557041795325662,0.033721352133282416
2024-11-19,0.05084448547294136,0.02434200531250553,0.03316506509946962
2024-11-20,0.04909920100545756,0.0340389099169964,0.032526459628832674
2024-11-21,0.04169495533931779,0.032398638104771074,0.03333657257127041
2024-11-22,0.015081173194941505,0.03435464193906208,0.030355263680185714
2024-11-23,0.026150027609604398,0.035877431828723785,0.02831660908546711
2024-11-24,0.029806486610241524,0.03656633630586887,0.027489422036381977
2024-11-25,0.02542008453663113,0.03356681801153289,0.028195723062159946
2024-11-26,0.09244728889121268,0.0413179628325435,0.030755108535923475
2024-11-27,0.06586571829090936,0.0431956169347895,0.032928363223578935
2024-11-28,0.03666918334762513,0.04164186472756045,0.033979872658135034
2024-11-29,0.011948720579625788,0.03792358538259895,0.033832192631897594
2024-11-30,0.019816354512668166,0.03851548304731478,0.032121577522136145
2024-12-01,0.16797450920732387,0.056243543247029716,0.037261286669742
2024-12-02,0.1127254388861381,0.06660841228151679,0.03951546080071094
2024-12-03,0.04193752176099328,0.06867309193456206,0.03835511556114321
2024-12-04,0.011081210229399055,0.05850233210183536,0.038738913524545886
2024-12-05,0.014377763488059291,0.0520663377514791,0.03817581218248228
2024-12-06,0.0315835417159327,0.05143063254751754,0.03607944954417956
2024-12-07,-0.0431475281168319,0.04454360146046033,0.0342437863228617
2024-12-08,0.018157249072956794,0.04433621328049641,0.03501660883190989
2024-12-09,-0.08680781800067473,0.012488422379496584,0.031347182802657456
2024-12-10,-0.06197004553267791,-0.009348513172855417,0.028761935392553166
2024-12-11,0.2171006140899002,0.012546873368257948,0.03523588614691291
2024-12-12,-0.04027367484361532,0.0061275127341311525,0.03198303285081234
2024-12-13,0.0035825182090592155,0.004778107074256143,0.03301717975531326
2024-12-14,0.07493258811607792,0.010196737874274296,0.03366606550624737
2024-12-15,0.12486815341709977,0.031198698066015752,0.037712356180327575
2024-12-16,-0.014841955827122673,0.02707379745350582,0.03678301217002327
2024-12-17,-0.037478439774636774,0.03323996973176056,0.034790312474290444
2024-12-18,0.05984556987715088,0.048466921657989166,0.03512674276415599
2024-12-19,0.029728502099841722,0.025045407659231855,0.035103851531146764
2024-12-20,0.07909887508190207,0.03996697639992153,0.036015283454016465
2024-12-21,0.008294673833770716,0.040555995853010465,0.03469900838396205
2024-12-22,-0.035776807922232624,0.026717321348221648,0.03219991924649269
2024-12-23,0.020063969591650115,0.013616798370040442,0.032360654614128445
2024-12-24,0.01983433356064039,0.017951334543510826,0.03215692254803283
2024-12-25,0.08447877646891039,0.03319598657395422,0.03392054480153828
2024-12-26,-0.001980699026970274,0.025467702960939077,0.03303664855755114
2024-12-27,0.04915980046235482,0.027896615256253216,0.03164027796307185
2024-12-28,0.07650987570759403,0.02757299033446471,0.0319836378797391
2024-12-29,0.059153732053366985,0.03393037261191424,0.03270894590250497
2024-12-30,-0.0014819536214348498,0.03821722939951397,0.03227569834763205
2024-12-31,0.04928445144032772,0.04186978963059867,0.03322628211949203
2025-01-01,0.11249473211378423,0.05345233944974165,0.031436611890668174
2025-01-02,0.09062725928021412,0.05422089980115462,0.03072376738725127
2025-01-03,0.05732322455845757,0.0616338902493331,0.03122008038071786
2025-01-04,0.028199893263712743,0.059013901849502844,0.031772295962469915
2025-01-05,0.03450018553640595,0.05376269057810433,0.03242140635112626
2025-01-06,0.08975224508347325,0.05758750470686761,0.03429781613717595
2025-01-07,0.08282339178508683,0.06812567288268281,0.03836139419852817
2025-01-08,0.02130132454559227,0.06462778202084088,0.038462815987968024
2025-01-09,0.006829976785161829,0.05141968760476308,0.04148339001331759
2025-01-10,0.047495046877985066,0.04602816105448445,0.045014522026564786
2025-01-11,0.06084441151811735,0.046468309424441925,0.03997399936295889
2025-01-12,0.007900572212837754,0.04393089429308255,0.04152800733252189
2025-01-13,0.046927668019063694,0.045484329603414766,0.042926237971554294
2025-01-14,0.06976774570707357,0.04298626718136481,0.042759630151909
2025-01-15,0.09161642639334275,0.044085396507396804,0.04168699379630394
2025-01-16,0.026789971658311408,0.0447714773964867,0.04302995919905987
2025-01-17,-0.038152444113639855,0.039148674784136486,0.04300821712360816
2025-01-18,0.01690317504325431,0.03532469080479514,0.041622978580579235
2025-01-19,-0.017947352146797328,0.025475720346680806,0.040085047798429585
2025-01-20,-0.005202850563457799,0.023837792499643864,0.03736563729374055
2025-01-21,0.06751755050688003,0.026411527810620908,0.039276052670292466
2025-01-22,0.08927453037670645,0.02884987589432502,0.04330996680896792
2025-01-23,0.0676804731395696,0.025857881737603377,0.044845983052449204
2025-01-24,0.011265974350559725,0.02391738207413442,0.04456958436825305
2025-01-25,0.03151459657030345,0.03262576215962733,0.042861062436039925
2025-01-26,0.05141580835065561,0.03693984132305249,0.044583530415963336
2025-01-27,0.015489374972015019,0.04111943221290403,0.04349738765821044
2025-01-28,0.02743862377270458,0.04519961650492433,0.04191444404740756
2025-01-29,0.08376173991034273,0.04723014018035717,0.04270825075247129
2025-01-30,0.18012559778794127,0.05858652360676152,0.04856655886245116
2025-01-31,0.057813624253904884,0.05735316749605343,0.04884169346934075
2025-02-01,0.010075111271368736,0.05720430961115456,0.045537834732488645
2025-02-02,0.05226589346101907,0.05979822172249401,0.04430037131896623
2025-02-03,0.0977199403963397,0.06558623822820452,0.04560349118470436
2025-02-04,0.05466582275530809,0.07048329420111615,0.04645723084572357
2025-02-05,0.008730426753166808,0.06814476957367394,0.04562594830432875
2025-02-06,0.0003504808493602918,0.05771836219105113,0.04274202042580898
2025-02-07,-0.017178162649377424,0.033055392136386294,0.03951616383114884
2025-02-08,0.009798549835287057,0.027053507834059066,0.03914510658242932
2025-02-09,0.04891710517024917,0.031908757071419123,0.040502755885174074
2025-02-10,-0.00531836414706189,0.024710724870409005,0.03879909746501126
2025-02-11,0.004991069388637417,0.01311961599444622,0.03699737675115708
2025-02-12,0.03107263706288137,0.01017046778289288,0.03774486271406171
2025-02-13,0.027969106192816836,0.012575302712849134,0.037133296203537614
2025-02-14,0.049423180436249936,0.01870939016121034,0.03647701990447879
2025-02-15,0.09644140454560626,0.0329118360605833,0.03663266436100342
2025-02-16,0.010325533559901642,0.032977709026160124,0.036101553454603114
2025-02-17,0.04454593459459248,0.03243131270420304,0.03876924309035254
2025-02-18,0.0569115828513154,0.0402100560790002,0.04005983689061258
2025-02-19,0.00908831120882367,0.04072221130652349,0.04093195506337454
2025-02-20,0.01252022882493445,0.038403160276780125,0.041503667301709776
2025-02-21,0.019413510093379348,0.037333710764350436,0.03995192406256459
2025-02-22,0.051068969602096885,0.037539434410081306,0.03871948661822235
2025-02-23,0.20509662768517362,0.05112133730252723,0.04315226579711281
2025-02-24,0.016663796583707837,0.051913620180503,0.04332638909495629
2025-02-25,0.014765858221491908,0.04819111063386543,0.042786107212736575
2025-02-26,0.01529836649963685,0.042989458589905605,0.041621028443348876
2025-02-27,0.01633069158595764,0.043894756137047346,0.041648167688959924
2025-02-28,0.023193571015661413,0.045228923910888216,0.04151123050324885
2025-03-01,0.05339262493801565,0.04947631326646776,0.04053158163317378
2025-03-02,0.04434693464840389,0.04863605889725613,0.03615162475770483
2025-03-03,0.1251105615132111,0.03863780062576082,0.03832249370155342
2025-03-04,0.01705486124326528,0.0386866837082055,0.03854764692645331
2025-03-05,0.031619546186760786,0.04079339470386411,0.03788163572405787
2025-03-06,0.034379881881864846,0.04317858412664261,0.03583840803004255
2025-03-07,0.017076847444086246,0.043271853608908686,0.034625860439357975
2025-03-08,0.014923433093907925,0.0422380863686895,0.034825634837446405
2025-03-09,0.045700066679320035,0.04127651658635254,0.036288524702928975
2025-03-10,0.09282268894333295,0.047335985873218675,0.039836939270435766
2025-03-11,0.0491725007914737,0.037843728283001504,0.04110706672063533
2025-03-12,0.013606113422470385,0.03741263480540214,0.039968002470706976
2025-03-13,0.025723469272363724,0.03667562519110251,0.040969351935849746
2025-03-14,0.048034742954594575,0.03838248282519373,0.04235785753475159
2025-03-15,0.013164297146862965,0.03789341403804082,0.0417801691503639
2025-03-16,0.014093981478138463,0.03778973258606964,0.041332584482148466
2025-03-17,0.014548430807044075,0.033895778102035146,0.040207592558625695
2025-03-18,0.058567020861870656,0.02961381959185236,0.03898583824624713
2025-03-19,0.06821294686111985,0.03199387535055813,0.04085317415918965
2025-03-20,0.020177529379255536,0.03281530234515627,0.04006709657159813
2025-03-21,0.041710915827941925,0.034813733164603546,0.03957675247406996
2025-03-22,0.027718865531331342,0.03227424848669564,0.04017773809737666
2025-03-23,0.01173787310371017,0.03209594548130154,0.04015250081604684
2025-03-24,0.012734993820562137,0.0319260720241045,0.039937064807246285
2025-03-25,0.03461897065160455,0.03443488950467456,0.03940641967981104
2025-03-26,0.015962039100813324,0.029109266784542395,0.033305303919025225
2025-03-27,0.06701325495810254,0.028959305296665228,0.03492947999561861
2025-03-28,0.1954620772324456,0.050869873778313986,0.04075839028629453
2025-03-29,0.034085790241286745,0.049916733079982095,0.04136443621344452
2025-03-30,0.01292397745125275,0.04806737206997227,0.041254542209099215
2025-03-31,0.025420877047746097,0.04977774756297676,0.04132639079077936
2025-04-01,0.012352315874969459,0.04972991281977767,0.040002509853261745
2025-04-02,0.015134628256987439,0.04729437002045053,0.0390601773890225
2025-04-03,0.014506380815721918,0.047112412734814105,0.03549230059232931
2025-04-04,0.007788221766506114,0.039709283585864556,0.03519337673824031
2025-04-05,0.03951175987262294,0.02021549391588672,0.03544796427649392
2025-04-06,0.030843309950322778,0.019810183879516226,0.035333881310960304
2025-04-07,0.030657183902533008,0.022026834685926255,0.035771956680587615
2025-04-08,0.012623908291423992,0.020427213591385992,0.03569777846115265
2025-04-09,0.006818036350910538,0.019735428650878628,0.034443519418300726
2025-04-10,0.03809907781246097,0.02260598484531282,0.032678241639885496
2025-04-11,0.14397891294130527,0.03879005136101074,0.03573651299955748
2025-04-12,0.5724161422526172,0.10936854142177463,0.05376264296182028
2025-04-13,0.5110556428334179,0.168311526791874,0.0694185195283059
2025-04-14,0.015237389175516257,0.1663607866950232,0.06836054037414208
2025-04-15,0.01685710792953152,0.164635777198398,0.06847966330261526
2025-04-16,0.016512126294825645,0.1651218044488232,0.06855766797412129
2025-04-17,0.023174051461711698,0.16716630633767338,0.06883591380169121
2025-04-18,0.013613806215612001,0.16410564738806724,0.0673858101034248
2025-04-19,0.015821611664212965,0.1480859847284307,0.06569576703255685
2025-04-20,0.012257366461856833,0.07806613775458567,0.06544027790618916
2025-04-21,0.013959120742130767,0.015929072493174778,0.06454505870987266
2025-04-22,0.0151484744699933,0.015917958154984407,0.06413956222402303
2025-04-23,0.02295738298823036,0.01668049253732176,0.06450148189771725
2025-04-24,0.013849570153505953,0.0163476730196568,0.06453743597297348
2025-04-25,0.014280301332067527,0.015235954253451279,0.06388134986589165
2025-04-26,0.013471955058330086,0.015218222858791038,0.06380102457419864
2025-04-27,0.005291634363567547,0.01390197569621036,0.061810004555020094
2025-04-28,0.014115031724748678,0.01413418385407184,0.055960099861223425
2025-04-29,0.017069044192595896,0.014522924285379983,0.05541117256933017
2025-04-30,0.01329646650170549,0.014291423289344006,0.05542318834515122
2025-05-01,0.012374523159219383,0.012968565810717635,0.05500233821971487
2025-05-02,0.012770063296838649,0.012833627453634222,0.05501581394300097
2025-05-03,0.014425151819989115,0.012851733764624422,0.054992927606323606
2025-05-04,0.013663888375011674,0.01287572542920962,0.05496575043081682
2025-05-05,0.012338747044878503,0.01375661451437349,0.05511254156882884
2025-05-06,-0.0038526425267465907,0.011510655232936581,0.053713689878526594
2025-05-07,0.025937618183158064,0.012619226981756854,0.053555441757005155
2025-05-08,0.041191888410423615,0.01610615472034662,0.053895270934679045
2025-05-09,0.04485737798667263,0.020166511573778276,0.054935060279687066
2025-05-10,0.017123762141499927,0.02071072392936094,0.05526750304712544
2025-05-11,0.017032845973153517,0.021036685698506488,0.05458794718134132
2025-05-12,0.016282455590898533,0.021364006600492345,0.050468706621650775
2025-05-13,0.055174216645279044,0.026718440300542413,0.03378348321496245
2025-05-14,0.1701009829703392,0.048462643487678134,0.02278494580002443
2025-05-15,0.11198043431993081,0.05921799550477473,0.025905689191779737
2025-05-16,0.031964956825377054,0.05806462905664391,0.02639303915616185
2025-05-17,0.04344462973872521,0.057888035525650486,0.02726182958983603
2025-05-18,0.032090619786644264,0.059758892731293534,0.027549460826124177
2025-05-19,0.02656367851572414,0.060950246799114864,0.027967198642256826
2025-05-20,0.13749155238972346,0.07610138389896798,0.03189203543985394
2025-05-21,0.03456213593826924,0.07352487381059176,0.03261154413264143
2025-05-22,0.035594980396811436,0.05671162348890079,0.033309475089244034
2025-05-23,0.02903596253933942,0.04634356451632687,0.03375745857535198
2025-05-24,0.013288438373624924,0.04400899970985785,0.03344555713617116
2025-05-25,0.018299878758408657,0.040865905837318285,0.03358911547826479
2025-05-26,0.02385229554022519,0.0398361153065159,0.03389788948497955
2025-05-27,0.016542071569917202,0.03858341443829003,0.03399692550148236
2025-05-28,0.04464247319156101,0.026977279538519725,0.03526630739915957
2025-05-29,0.06251491861727763,0.030471377373395774,0.03682759407311212
2025-05-30,0.04093173169089864,0.031138471285156673,0.03759735818596059
2025-05-31,0.03104304379846326,0.03138935644254716,0.038169828421339876
2025-06-01,0.024124933802953254,0.0327439183712132,0.03854887392597645
2025-06-02,0.03146915012075042,0.03439007729150592,0.0391520702751349
2025-06-03,0.02804241664526823,0.034913842429636306,0.03959133688240196
2025-06-04,0.015211917882906052,0.03474757321875991,0.039641273318140484
2025-06-05,0.02778854895553213,0.0326408326892563,0.04013965402493576
2025-06-06,0.049856977006906986,0.03105858998795997,0.04187222239698911
2025-06-07,0.023507701157593434,0.028880586171296817,0.041793837976809606
2025-06-08,0.025469883616664173,0.02818394114857193,0.04128667653184962
2025-06-09,0.03931269962353864,0.030082411876145104,0.041107815939490464
2025-06-10,0.02539575128612064,0.029323237021816384,0.04137465429899436
2025-06-11,0.024222452453494667,0.028845741497844687,0.04160657708868279
2025-06-12,0.02661565328750333,0.03027120842341935,0.04193990604663778
2025-06-13,0.05268642719858881,0.03338344320380143,0.041859654774163896
2025-06-14,0.011891435398596262,0.028637750502762592,0.03675612098152702
2025-06-15,0.019623975623815404,0.02815228481104034,0.03377688037842653
2025-06-16,0.025121352204718436,0.02810871838454712,0.033556118939050444
2025-06-17,0.024827954864310605,0.026298125289643617,0.03295558103987578
2025-06-18,0.029323212168886992,0.02678905789998941,0.03286630982639974
2025-06-19,0.053538983321071626,0.03045362425843653,0.03373648094915288
2025-06-20,0.05276099547624604,0.033721792032029366,0.03100323717775038
2025-06-21,0.01962555556757772,0.02958918307815298,0.030521412004502268
2025-06-22,0.027526941085221957,0.03154362128898119,0.030261152671870347
2025-06-23,0.0358402224332202,0.03357065214015679,0.030480644926511664
2025-06-24,0.030352111105498496,0.034224497002754296,0.031031085982378553
2025-06-25,0.021614073234582688,0.03382276179903831,0.031137995481609972
2025-06-26,0.035537729997656246,0.034599576527634464,0.031514944980236784
2025-06-27,0.05012532113440175,0.03417286875430073,0.03259827561134919
2025-06-28,0.02941769347444026,0.031254956004075005,0.03210715368499045
2025-06-29,0.03619153652502787,0.033325703623756274,0.03125801232717594
2025-06-30,0.03784372196802565,0.034615301234106735,0.03115839911030907
2025-07-01,0.028234004493032375,0.033664523991583255,0.031067784939166142
2025-07-02,0.03216984498787827,0.033891740726880726,0.03132729820319598
2025-07-03,0.022730502034097377,0.03403129432682006,0.03104540632943298
2025-07-04,0.01711967663458004,0.03172903765643553,0.030693059877475296
2025-07-05,0.04196419555248102,0.030708896958695442,0.03155603657649384
2025-07-06,0.02127610032122056,0.02969119781454298,0.03134595758829024
2025-07-07,0.022588464333101847,0.027990813790552228,0.03046632814719975
2025-07-08,0.028623006554783836,0.026838224363897,0.030631337998722016
2025-07-09,0.05590609391088955,0.030297235541129147,0.03161315123401961
2025-07-10,0.049547345601689156,0.03246942311785551,0.03194330110428253
2025-07-11,0.04606478749941385,0.035386208801020065,0.03261004420793715
2025-07-12,0.027551901592744843,0.03669023692079067,0.03271744579307426
2025-07-13,0.02069129998546657,0.03403112497491386,0.03252633762204081
2025-07-14,0.003371636369524493,0.03179306698095185,0.030935537917877443
2025-07-15,0.028928950974379523,0.03258562781111156,0.031485135194515616
2025-07-16,0.023934215890403746,0.031999528978064046,0.031624175203115244
2025-07-17,0.030440121644062443,0.028816282444710656,0.03179574841083602
2025-07-18,0.0422716530822432,0.02790682087977991,0.032358448353349965
2025-07-19,0.06131994906269248,0.029813716075189737,0.03339060115637595
2025-07-20,0.025599878702721016,0.029569713213936758,0.032489339717074316
2025-07-21,0.029113299462877964,0.030622463148613183,0.031726510813417284
2025-07-22,0.025846175358194577,0.03343178052219694,0.03192717596795331
2025-07-23,0.026115293761352975,0.03308007337056862,0.031881638957505926
2025-07-24,0.01754922325289632,0.03228194929088019,0.031291606725882576
2025-07-25,0.03675591841636456,0.033071423887417954,0.031498181155265356
2025-07-26,0.028119370090062858,0.03130238851339541,0.03170802944092601
2025-07-27,0.031825013752986804,0.0276155215996822,0.03158826440077538
2025-07-28,0.0324600684303876,0.028473045315640523,0.03101841753935557
2025-07-29,0.02895762682734481,0.02845358623619888,0.031003576679771848
2025-07-30,0.01968677701322332,0.027683661443077472,0.030471165082616863
2025-07-31,0.03365273348779406,0.028625841408882607,0.0303359719058352
2025-08-01,0.03966331993717752,0.03139010349441776,0.030704659500807623
2025-08-02,0.024300750574201266,0.02983320751414735,0.03045081774552772
2025-08-03,0.008385455391263313,0.027366468176797408,0.029988074305436298
2025-08-04,0.025335024966714057,0.026555219578513315,0.03025308554195675
2025-08-05,0.03189946859129705,0.026485144598626997,0.029928416930305655
2025-08-06,0.023200045919487565,0.02576544698514484,0.029990479691540076
2025-08-07,0.024414278103865563,0.02635638462147512,0.030049376909951808
2025-08-08,0.02065870964174266,0.024732131640718698,0.029792464106305316
2025-08-09,0.042715988838248536,0.025113715253352573,0.029366976845897542
2025-08-10,0.035002658788834976,0.026451453780181787,0.028897793400321604
2025-08-11,0.025259994098897273,0.02856077111863603,0.028226671032563003
2025-08-12,0.0267577058575512,0.028738606229990672,0.028201051815298687
2025-08-13,0.02816319021520288,0.0282715714329789,0.028442080532386955
2025-08-14,0.029184849748608188,0.02901967191161898,0.029274764834938044
2025-08-15,0.031007450482589464,0.029843818458959465,0.02934181320617062
2025-08-16,0.02301303944752621,0.03013810968468241,0.02931209783704554
2025-08-17,0.025495509907787282,0.027985549818374755,0.029152594232649567
2025-08-18,0.028244569121038184,0.027140788609900157,0.028700107653255855
2025-08-19,0.10796954884645048,0.03747948295334431,0.03020493345273192
2025-08-20,0.028294385230165836,0.03767156787492114,0.030291853018133367
2025-08-21,0.022590638428519123,0.03697499890158567,0.030081444597670176
2025-08-22,0.03134071091312216,0.03724448154714992,0.030258687680087198
2025-08-23,0.024361910361705617,0.036413789032039436,0.03020212692525986
2025-08-24,0.02610493701757764,0.03680027622829587,0.030478117691862486
2025-08-25,0.03256655230981372,0.03768415652854917,0.030342976849715684
2025-08-26,0.031048236876045934,0.03803461499792514,0.030437456423457077
2025-08-27,0.023812198179181492,0.027514946164516513,0.03017897850172142
2025-08-28,0.025546571510254017,0.027171469449527537,0.029955962472039688
2025-08-29,0.031343705697311666,0.028265602858126605,0.030032932758167652
2025-08-30,0.026395687428939555,0.02764747492260378,0.03024934922319076
2025-08-31,0.02983508038798558,0.028331621175888774,0.030126199123196935
2025-09-01,0.027051071674158208,0.028449888007961346,0.02971935240503502
2025-09-02,0.030193966677474725,0.028153314803918972,0.02990945615030191
2025-09-03,0.03812637531166324,0.029038082108371135,0.0308688406638632
2025-09-04,0.03143234822192087,0.029990600863713558,0.031065528510805355
2025-09-05,0.026912753518125804,0.03016137361469753,0.030904666734251445
2025-09-06,0.03502681554311435,0.030621762345422864,0.03128617543178779
2025-09-07,0.023038161481966284,0.030202071602051205,0.03124178457301685
2025-09-08,0.025438206467534724,0.029652462361994848,0.03139596188997788
2025-09-09,0.029394923924603085,0.029945443893300457,0.030966250118569967
2025-09-10,0.027579068253637585,0.029618581590320815,0.03072677945614424
2025-09-11,0.027097823090414957,0.028240012562664778,0.030786064262322232
2025-09-12,0.021248630024286733,0.02696704778796051,0.03060835213866854
2025-09-13,0.046021632842297114,0.029355657703481926,0.031184430933090937
2025-09-14,0.02387346466175686,0.02796148884331224,0.031013095930289284
2025-09-15,0.0230639551358391,0.027964713050046344,0.03075685414491024
2025-09-16,0.025947114331640663,0.028028326533059585,0.030851501721817158
2025-09-17,0.023352613134973183,0.02727303768435585,0.030782376019468316
2025-09-18,0.02522990578618159,0.02697939237592385,0.0306851288151181
2025-09-19,0.03272514172905669,0.027682807205754067,0.028257889875847333
2025-09-20,0.038386694852088454,0.029825065309229282,0.028583448250748066
2025-09-21,0.022918838778263333,0.02693721605122506,0.028594035358804327
2025-09-22,0.028821439220571423,0.02755571287107688,0.028512768530012368
2025-09-23,0.02046923293114633,0.027231372595490286,0.028387198290316905
2025-09-24,0.025457369561554182,0.027170154499229476,0.028366309017541957
2025-09-25,0.030360265661194596,0.02804611106500715,0.028295138480489722
2025-09-26,0.0458633443321689,0.030625290883255565,0.02877304517262272
2025-09-27,0.024647359491296914,0.02961556810353559,0.028799985860110316
2025-09-28,0.022255955056214693,0.02759922562905137,0.02869383694223808
2025-09-29,0.02509624999656986,0.027871402031339688,0.028492306113181893
2025-09-30,0.021304881245742823,0.02693183228448611,0.02832808655888522
2025-10-01,0.023893800925758553,0.027359903283812638,0.028136432382684352
2025-10-02,0.02990288870981254,0.027915593177344933,0.028228426480608682
2025-10-03,0.032702569854493484,0.028208381201507295,0.02830934916373832
2025-10-04,0.03442398436962218,0.026778461206188955,0.028189917197866027
2025-10-05,0.027202556876659723,0.02709786087935931,0.02805347231576083
2025-10-06,0.02643068738847733,0.02761970242089214,0.02803792179544959
2025-10-07,0.032448306777599405,0.028538709518520833,0.0279547440933362
2025-10-08,0.0235108236158851,0.02881445231478862,0.027969991258946485
2025-10-09,0.02974589326880527,0.02954596385766946,0.028108948897697147
2025-10-10,0.03935452548428483,0.0307274184544785,0.0284302263673643
2025-10-11,0.04202223657692745,0.03189237679478275,0.0288961350229543
2025-10-12,0.02779884032494005,0.03106423378919748,0.02891874848213253
2025-10-13,0.027251314658960163,0.031070328511985032,0.0291123834703478
2025-10-14,0.028078472851311313,0.031276301694839276,0.028533571857735352
2025-10-15,0.030558509976167953,0.031040077094660345,0.02874921848078087
2025-10-16,0.024778381464003272,0.031198521825675115,0.02880452255588294
2025-10-17,0.025500018515645092,0.030667787481530092,0.028790100110205663
2025-10-18,0.04034209388108383,0.030791233531129968,0.029338147876209232
2025-10-19,0.024890730971187717,0.0286497953304125,0.029327206753144916
2025-10-20,0.020209700843902837,0.02770115289528285,0.02892348285362382
2025-10-21,0.021599671076797586,0.02699469744751253,0.0283819659576467
2025-10-22,0.02588179022257966,0.02672011211892107,0.028477545036495612
2025-10-23,0.022132731075635688,0.025666889756354536,0.02826178025762672
2025-10-24,0.022046530271327098,0.025325408357270016,0.028312660816987387
2025-10-25,0.03170137695141556,0.026100578161741324,0.028514080410208722
2025-10-26,0.0322792561660807,0.025092723447365933,0.02857598332972118
2025-10-27,0.021989728349950458,0.024730098119711275,0.02780586668513349
2025-10-28,0.01998658076774632,0.02470220811019171,0.02765551898437379
2025-10-29,0.02657552066789343,0.02532418930907869,0.027794859810556977
2025-10-30,0.02210922005718145,0.024852618038403912,0.027698504006060574
2025-10-31,0.022945872958982864,0.02495426077382231,0.027751439222616706
2025-11-01,0.036333271766935786,0.026740103460773396,0.02815271247555791
2025-11-02,0.02046922735647733,0.025336084761406117,0.02784840081899871
2025-11-03,0.028826532539735324,0.024904494308112944,0.02772336735723232
2025-11-04,0.027302098709373043,0.02556854060304077,0.02749362911012751
2025-11-05,0.02723345641871387,0.026474400059411714,0.027494625869548612
2025-11-06,0.027613234546175407,0.02660411429419696,0.027532772552055
2025-11-07,0.06063179222636671,0.03141943581534512,0.02844191724395072
2025-11-08,0.030855974549557633,0.032408198514166965,0.028678857596649836
2025-11-09,0.029037656389686514,0.03149624659201081,0.02865601124571052
2025-11-10,0.02265859969889942,0.03176991813481357,0.028117432994569053
2025-11-11,0.02265859969889942,0.03099892652970908,0.02749279954689073
2025-11-12,0.022549428795810456,0.03040484279051376,0.027323463691112354
2025-11-13,0.021926756527079042,0.029741505304059408,0.027151703751374254
2025-11-14,0.024091061521422815,0.029301233675965335,0.02702307757944237
2025-11-15,0.0470623981646989,0.027605059418256857,0.027555461069394983
2025-11-16,0.04972412943230049,0.029963578778599717,0.028360162616759412
2025-11-17,0.01804697128982638,0.0285897431411172,0.028119741738507193
2025-11-18,0.023268371812684655,0.028665964655340354,0.02756897651049432
2025-11-19,0.03070398209172446,0.029671637454443484,0.027756500740189052
2025-11-20,0.03790970638824688,0.031591672153498035,0.028327468660974343
2025-11-21,0.05577324429161247,0.03582248312406471,0.029429841990484498
2025-11-22,0.020159546291951654,0.03533104372038082,0.02924525347659327
2025-11-23,0.03125198403302195,0.0333547419539212,0.029539422926831538
2025-11-24,0.02875316062454254,0.030733370852951455,0.02975576584145139
2025-11-25,0.036718447616821547,0.03306730539382585,0.029917606830658035
2025-11-26,-0.015222772355460408,0.02825591237280772,0.028385283329963158
2025-11-27,0.012939014746007069,0.026035291454593046,0.028093324826610148
2025-11-28,0.019291686041151085,0.023708038911206073,0.02807090886768772
2025-11-29,0.021395244991764793,0.01941078899872511,0.027903803200715827
2025-11-30,0.015045022652245058,0.018771473543761786,0.02767592586507272
2025-12-01,0.0142499702877242,0.016646221825599567,0.027395412875677278
2025-12-02,0.016782217386832332,0.01514985392088579,0.02676473370212555
2025-12-03,0.019050270705696815,0.0129413318069952,0.026718960906939083
2025-12-04,0.02130381547129244,0.017507155285339304,0.02647629261440867
2025-12-05,0.0425282268103956,0.02120580679338787,0.026967458037022298
2025-12-06,0.028899451707648172,0.022406777501700007,0.027021199820536308
2025-12-07,0.04281917039665419,0.025084768177311183,0.027511713880229174
2025-12-08,0.021441796048605306,0.025884364851856214,0.026247520455140096
2025-12-09,0.025081140653606244,0.02723826114759147,0.026061235490754564
2025-12-10,0.03148660324941279,0.029076309380414028,0.026140233776552186
2025-12-11,0.01539718750155271,0.028619673979896017,0.02590599467341197
2025-12-12,0.05055638273366603,0.032276244887692714,0.026805923158404445
2025-12-13,0.012390541213298256,0.028509034188055546,0.026478217107355664
2025-12-14,0.016393605670617477,0.02694580343342671,0.02629972837005045
2025-12-15,0.029015228276432475,0.02522031066839899,0.026458572458921727
2025-12-16,0.031228652379183368,0.02644366770972125,0.02594780646584058
2025-12-17,0.018592162498004272,0.025632545440271003,0.02494354946796006
2025-12-18,0.02704382954645448,0.025077198727401214,0.025233770702044835
2025-12-19,0.03598579424948415,0.02765077457089264,0.02564401013548998
2025-12-20,0.030277519806076007,0.02511591670494389,0.025630253287565834
2025-12-21,0.0011793912093248406,0.023714522954447214,0.024445404410826415
2025-12-22,0.0040376733095045855,0.0221700314093081,0.022776515024306804
2025-12-23,0.02736086116507739,0.021963235520388716,0.023008815504085057
2025-12-24,0.05534228312728692,0.02497743936390166,0.0237859219264807
2025-12-25,0.04456820777885593,0.028224445024008116,0.024296084737910163
2025-12-26,0.02822735657924183,0.028372385903106534,0.02402217857540759
2025-12-27,0.025946123094401766,0.02711742700872124,0.02535020746088702
2025-12-28,0.027364835979502802,0.026753341530399585,0.025815556532935265
2025-12-29,0.026452968455193817,0.029912538686133208,0.02604656564306568
2025-12-30,0.01545334749135015,0.031339497958863906,0.02585489153014908
2025-12-31,0.031195150734021383,0.031818784154981905,0.026375863403754765
2026-01-01,0.028271025153486427,0.028434876908256843,0.026828155496198706
2026-01-02,0.02120907814244507,0.025514985703705487,0.026970957456057182
2026-01-03,0.024905099138131555,0.0250997035235667,0.027159822889361526
2026-01-04,0.031193117640478073,0.02575557784182624,0.027478832636754612
2026-01-05,0.024448731675083827,0.025391064803773865,0.026895623116260686
2026-01-06,0.02732982567772132,0.025500671956589803,0.02684499001852111
2026-01-07,0.03257866623902548,0.027641336800049217,0.026514651174726636
2026-01-08,0.02673155317360515,0.02708338710499719,0.026685288501339534
2026-01-09,0.023540683584076988,0.02649209440882101,0.026635596337806332
2026-01-10,0.023197205813554656,0.026740610367709708,0.026368196420520587
2026-01-11,0.026268272746673527,0.026911007068777457,0.026718876589718034
2026-01-12,0.022599875862856382,0.025836851846574745,0.02581705378743385
2026-01-13,0.01874276903979834,0.02512360651716406,0.02602196436248224
2026-01-14,0.02480515462337059,0.02480802263537022,0.02629330465128073
2026-01-15,0.02480515462337059,0.023836333683413362,0.026157495823762606
2026-01-16,0.022387130680322137,0.023293280871752985,0.025872285446379987
2026-01-17,0.023398823479566455,0.02327554835868917,0.026027339026430382
2026-01-18,0.02503204682807111,0.023504903485503725,0.02596244280970834
2026-01-19,0.023509087036533236,0.023160005271736187,0.025559968383484115
2026-01-20,0.01912989964757248,0.022726258244825697,0.02520036773320981
2026-01-21,0.0034652374497372894,0.020816566796068064,0.025274104708706984
2026-01-22,0.02215854712876043,0.02048574085924179,0.025858649025457175
2026-01-23,0.02207017154021898,0.02014386797384784,0.025687981618203674
2026-01-24,0.037192543732842434,0.021994544605412877,0.025102506153866756
2026-01-25,0.031153184418635925,0.022963839722796562,0.0246697634648274
2026-01-26,0.031182838096181522,0.023732688631310363,0.024765101578277066
2026-01-27,0.0491041820981836,0.02693207551401666,0.02551213573968938
2026-01-28,0.04622961848285266,0.030319540368426684,0.026120677110765184
2026-01-29,0.025491062135942908,0.033072768454202386,0.026089647874660313
2026-01-30,0.0539214056832781,0.037043125773517094,0.02733055297762573
2026-01-31,0.0020764329443098673,0.03454390844902846,0.02639123950053826
2026-02-01,0.003183962897219252,0.030292835844575563,0.025581979427755447
2026-02-02,0.0037451068562135642,0.026866826149272768,0.025018625515296364
2026-02-03,0.005671464994602121,0.02367790451157534,0.024398185704214773
2026-02-04,0.04514545523799444,0.023183063654051695,0.024848261110586266
2026-02-05,0.09270681173704164,0.02899271281082532,0.027050134660972
2026-02-06,0.022048440760651183,0.028562385138913855,0.02687976740558264
2026-02-07,0.023571437681164646,0.024768639138649674,0.026589211645651645
2026-02-08,0.02759704244039832,0.02795871532566073,0.026617130654257873
2026-02-09,0.02689851944936747,0.030923034894679256,0.026725447940234986
2026-02-10,0.024003515197382006,0.03345533593732531,0.02675145792035845
2026-02-11,0.028490972441868885,0.03630777436823365,0.02682315791052604
2026-02-12,0.027055295173354685,0.03404650436015368,0.026966881114090503
2026-02-13,0.03161527034903238,0.026410061686652525,0.02738212309180773
2026-02-14,0.02107534451328053,0.026288424655731193,0.027261806636643533
2026-02-15,0.03042927998566803,0.027145654943794114,0.02744323003542732
2026-02-16,0.02514965181228421,0.02683973111527985,0.02753234362032932
2026-02-17,0.023647699333450158,0.026433378600790185,0.027540371873680407
2026-02-18,0.0154228902722384,0.025360800485147234,0.02723039908155677
2026-02-19,0.027168696247922567,0.025195515960903945,0.02734845099160159
2026-02-20,0.02889886610964769,0.025425962327940574,0.02766357894199111
2026-02-21,0.02735045145446941,0.0248928599661202,0.02843406971633731
2026-02-22,0.026824240430432373,0.025611471955764183,0.028584575951875118
2026-02-23,0.03283713177779336,0.025912453429779853,0.028931897249861387
2026-02-24,0.025331646758619483,0.025935202798071762,0.028549287670047743
2026-02-25,0.024587331790759594,0.026052656855235442,0.028337485972374312
2026-02-26,0.0234326918102421,0.027053882047485905,0.028087481253473042
2026-02-27,0.0208651932766333,0.026265944176074748,0.027176546130197227
2026-02-28,0.026625392943042118,0.025981760030249053,0.02654415175794527
2026-03-01,0.024829557900110613,0.025666648335954202,0.026522812911628103
2026-03-02,0.023311957009441556,0.02522761290833035,0.025535411341504347
2026-03-03,0.0253631614500555,0.024293366617363112,0.026286596132012268
2026-03-04,0.027016996492883232,0.02450403533414608,0.02705540366735627
2026-03-05,0.03512655490723107,0.025821438223705015,0.028067708443195543
2026-03-06,0.020539264106735473,0.025459759760766688,0.028547314866167586
2026-03-07,0.02439751214860927,0.025901299619763684,0.02787802637941323
2026-03-08,0.018172435729359622,0.02484467996805337,0.025473691669488003
